{
  "soft_light": {
    "name": "Soft Sunrise",
    "icon": ":material/sunny_snowing:",
    "order": 0,
    "themeInfo": {
      "base": "light",
      "primaryColor": "#6100FF",
      "backgroundColor": "#EFF4FF",
      "secondaryBackgroundColor": "#E7EEF5",
      "textColor": "#000000",
      "widgetBackgroundColor": "#F3F5F7",
      "widgetBorderColor": "#9000FF",
      "skeletonBackgroundColor": "#E0E0E0",
      "bodyFont": "\"Victor Mono Italic\", Source Sans Pro, sans-serif",
      "codeFont": "\"Victor Mono\", Source Code Pro, monospace",
      "fontFaces": [],
      "radii": {
        "checkboxRadius": 3,
        "baseWidgetRadius": 0
      },
      "fontSizes": {
        "tinyFontSize": 10,
        "smallFontSize": 12,
        "baseFontSize": 14
      }
    }
  },
  "dark_mode": {
    "name": "Night Sky",
    "icon": ":material/palette:",
    "order": 1,
    "themeInfo": {
      "base": "dark",
      "primaryColor": "#1d2d2d",
      "backgroundColor": "#000000",
      "secondaryBackgroundColor": "#404d52",
      "textColor": "#f0f8ff",
      "widgetBackgroundColor": "#000000",
      "widgetBorderColor": "#000000",
      "skeletonBackgroundColor": "#000000",
      "bodyFont": "\"Victor Mono Italic\", Source Sans Pro, sans-serif",
      "codeFont": "\"Victor Mono\", Source Code Pro, monospace",
      "fontFaces": [],
      "radii": {
        "checkboxRadius": 3,
        "baseWidgetRadius": 6
      },
      "fontSizes": {
        "tinyFontSize": 10,
        "smallFontSize": 12,
        "baseFontSize": 14
      }
    }
  },
  "hijau_hutan": {
    "name": "Suka Alam",
    "icon": ":material/forest:",
    "order": 2,
    "themeInfo": {
      "base": "dark",
      "primaryColor": "#006400",
      "backgroundColor": "#f5f5dc",
      "secondaryBackgroundColor": "#8b4513",
      "textColor": "#64a08e",
      "widgetBackgroundColor": "#d2b48c",
      "widgetBorderColor": "#01796f",
      "skeletonBackgroundColor": "#adff2f",
      "bodyFont": "\"Victor Mono Italic\", Source Sans Pro, sans-serif",
      "codeFont": "\"Victor Mono\", Source Code Pro, monospace",
      "fontFaces": [],
      "radii": {
        "checkboxRadius": 3,
        "baseWidgetRadius": 6
      },
      "fontSizes": {
        "tinyFontSize": 10,
        "smallFontSize": 12,
        "baseFontSize": 14
      }
    }
  },
  "teskan": {
    "name": "Tus Tas Test",
    "icon": ":material/experiment:",
    "order": 3,
    "themeInfo": {
      "base": "light",
      "primaryColor": "#007bff",
      "backgroundColor": "#ffffff",
      "secondaryBackgroundColor": "#f0f2f6",
      "textColor": "#000000",
      "widgetBackgroundColor": "#000000",
      "widgetBorderColor": "#000000",
      "skeletonBackgroundColor": "#000000",
      "bodyFont": "sans serif",
      "codeFont": "monospace",
      "fontFaces": [],
      "radii": {
        "baseWidgetRadius": 0,
        "checkboxRadius": 0
      },
      "fontSizes": {
        "tinyFontSize": 10,
        "smallFontSize": 12,
        "baseFontSize": 14
      }
    }
  }
}