[
  {
    "username": "Sora",
    "userid": "268797201",
    "password": "123456",
    "user_role": "siswa",
    "mbti": "INFP",
    "mbti_display": "INFP",
    "owned_char": "ISFJ,INTP,ISTP,ENTJ,ESFP",
    "highest_score": 120,
    "coins": 80
  },
  {
    "username": "Rika",
    "userid": "987654321",
    "password": "password",
    "user_role": "guru",
    "mbti": "ISFJ",
    "mbti_display": "ISFJ",
    "owned_char": "ISFJ,INTP,ISTP,ENTJ,ESFP",
    "highest_score": 0,
    "coins": 0
  }
]