[
  {
    "id": "51630db0-52fe-44a5-850d-015845cb6977",
    "title": "Belajar coding",
    "description": "Aku ingin bisa berbahasa pemograman python dalam jangka waktu 1 bulan.\n",
    "priority": "medium",
    "created_date": "2025-08-04",
    "deadline": "2025-09-08",
    "quests": [
      {
        "title": "Belajar algoritma",
        "deadline": "2025-08-20",
        "completed": true,
        "completed_date": "2025-08-04"
      },
      {
        "title": "Belajar OOP",
        "deadline": "2025-09-08",
        "completed": true,
        "completed_date": "2025-08-04"
      }
    ]
  }
]